workload_id,medication_count,pair_count,matched_interaction_count,density,pass,iteration,elapsed_ms,application_duration_ms,correct,errors
n2_zero,2,1,0,zero,1,1,2.282583,1,True,[]
n2_zero,2,1,0,zero,1,2,2.764542,2,True,[]
n2_zero,2,1,0,zero,1,3,2.611708,2,True,[]
n2_zero,2,1,0,zero,1,4,2.392375,1,True,[]
n2_zero,2,1,0,zero,1,5,2.508125,1,True,[]
n2_zero,2,1,0,zero,1,6,2.39275,1,True,[]
n2_zero,2,1,0,zero,1,7,2.404834,1,True,[]
n2_zero,2,1,0,zero,1,8,2.341917,1,True,[]
n2_zero,2,1,0,zero,1,9,2.342709,1,True,[]
n2_zero,2,1,0,zero,1,10,2.401625,1,True,[]
n2_zero,2,1,0,zero,1,11,2.34525,1,True,[]
n2_zero,2,1,0,zero,1,12,2.405875,1,True,[]
n2_zero,2,1,0,zero,1,13,2.349458,1,True,[]
n2_zero,2,1,0,zero,1,14,2.383375,1,True,[]
n2_zero,2,1,0,zero,1,15,2.372584,1,True,[]
n2_zero,2,1,0,zero,1,16,2.518958,2,True,[]
n2_zero,2,1,0,zero,1,17,2.446416,1,True,[]
n2_zero,2,1,0,zero,1,18,2.348375,1,True,[]
n2_zero,2,1,0,zero,1,19,2.338542,1,True,[]
n2_zero,2,1,0,zero,1,20,2.375458,1,True,[]
n2_zero,2,1,0,zero,1,21,4.088417,3,True,[]
n2_zero,2,1,0,zero,1,22,2.555083,2,True,[]
n2_zero,2,1,0,zero,1,23,2.256667,1,True,[]
n2_zero,2,1,0,zero,1,24,2.2925,1,True,[]
n2_zero,2,1,0,zero,1,25,2.369083,1,True,[]
n2_zero,2,1,0,zero,1,26,3.02425,2,True,[]
n2_zero,2,1,0,zero,1,27,2.495292,1,True,[]
n2_zero,2,1,0,zero,1,28,2.457167,1,True,[]
n2_zero,2,1,0,zero,1,29,2.314667,1,True,[]
n2_zero,2,1,0,zero,1,30,2.872875,2,True,[]
n2_zero,2,1,0,zero,2,1,2.463375,1,True,[]
n2_zero,2,1,0,zero,2,2,2.35175,1,True,[]
n2_zero,2,1,0,zero,2,3,2.522208,2,True,[]
n2_zero,2,1,0,zero,2,4,2.264584,1,True,[]
n2_zero,2,1,0,zero,2,5,2.241084,1,True,[]
n2_zero,2,1,0,zero,2,6,2.28475,1,True,[]
n2_zero,2,1,0,zero,2,7,2.302542,1,True,[]
n2_zero,2,1,0,zero,2,8,2.241708,1,True,[]
n2_zero,2,1,0,zero,2,9,2.25375,1,True,[]
n2_zero,2,1,0,zero,2,10,2.134542,1,True,[]
n2_zero,2,1,0,zero,2,11,2.205417,1,True,[]
n2_zero,2,1,0,zero,2,12,2.248709,1,True,[]
n2_zero,2,1,0,zero,2,13,2.215875,1,True,[]
n2_zero,2,1,0,zero,2,14,2.234458,1,True,[]
n2_zero,2,1,0,zero,2,15,2.229833,1,True,[]
n2_zero,2,1,0,zero,2,16,2.222667,1,True,[]
n2_zero,2,1,0,zero,2,17,2.221209,1,True,[]
n2_zero,2,1,0,zero,2,18,2.267792,1,True,[]
n2_zero,2,1,0,zero,2,19,2.221875,1,True,[]
n2_zero,2,1,0,zero,2,20,2.209916,1,True,[]
n2_zero,2,1,0,zero,2,21,2.259708,1,True,[]
n2_zero,2,1,0,zero,2,22,2.219417,1,True,[]
n2_zero,2,1,0,zero,2,23,2.240208,1,True,[]
n2_zero,2,1,0,zero,2,24,2.028375,1,True,[]
n2_zero,2,1,0,zero,2,25,1.90475,1,True,[]
n2_zero,2,1,0,zero,2,26,1.919833,1,True,[]
n2_zero,2,1,0,zero,2,27,1.985625,1,True,[]
n2_zero,2,1,0,zero,2,28,1.894292,1,True,[]
n2_zero,2,1,0,zero,2,29,1.824417,1,True,[]
n2_zero,2,1,0,zero,2,30,2.03275,1,True,[]
n2_zero,2,1,0,zero,3,1,1.895292,1,True,[]
n2_zero,2,1,0,zero,3,2,1.849792,1,True,[]
n2_zero,2,1,0,zero,3,3,1.910958,1,True,[]
n2_zero,2,1,0,zero,3,4,1.813292,1,True,[]
n2_zero,2,1,0,zero,3,5,1.913084,1,True,[]
n2_zero,2,1,0,zero,3,6,1.913375,1,True,[]
n2_zero,2,1,0,zero,3,7,1.944833,1,True,[]
n2_zero,2,1,0,zero,3,8,1.891042,1,True,[]
n2_zero,2,1,0,zero,3,9,1.942042,1,True,[]
n2_zero,2,1,0,zero,3,10,1.800208,1,True,[]
n2_zero,2,1,0,zero,3,11,1.825916,1,True,[]
n2_zero,2,1,0,zero,3,12,1.872083,1,True,[]
n2_zero,2,1,0,zero,3,13,1.760166,1,True,[]
n2_zero,2,1,0,zero,3,14,1.826959,1,True,[]
n2_zero,2,1,0,zero,3,15,1.850375,1,True,[]
n2_zero,2,1,0,zero,3,16,1.777708,1,True,[]
n2_zero,2,1,0,zero,3,17,2.044459,1,True,[]
n2_zero,2,1,0,zero,3,18,2.224542,1,True,[]
n2_zero,2,1,0,zero,3,19,2.252042,1,True,[]
n2_zero,2,1,0,zero,3,20,2.141625,1,True,[]
n2_zero,2,1,0,zero,3,21,1.906167,1,True,[]
n2_zero,2,1,0,zero,3,22,1.8265,1,True,[]
n2_zero,2,1,0,zero,3,23,2.109083,1,True,[]
n2_zero,2,1,0,zero,3,24,2.11875,1,True,[]
n2_zero,2,1,0,zero,3,25,1.790625,1,True,[]
n2_zero,2,1,0,zero,3,26,2.399709,2,True,[]
n2_zero,2,1,0,zero,3,27,1.984917,1,True,[]
n2_zero,2,1,0,zero,3,28,1.893375,1,True,[]
n2_zero,2,1,0,zero,3,29,1.878417,1,True,[]
n2_zero,2,1,0,zero,3,30,2.014375,1,True,[]
n2_ten_percent,2,1,1,ten_percent,1,1,3.066667,2,True,[]
n2_ten_percent,2,1,1,ten_percent,1,2,2.978333,2,True,[]
n2_ten_percent,2,1,1,ten_percent,1,3,2.998209,2,True,[]
n2_ten_percent,2,1,1,ten_percent,1,4,3.141208,2,True,[]
n2_ten_percent,2,1,1,ten_percent,1,5,2.93425,2,True,[]
n2_ten_percent,2,1,1,ten_percent,1,6,2.930875,2,True,[]
n2_ten_percent,2,1,1,ten_percent,1,7,3.037375,2,True,[]
n2_ten_percent,2,1,1,ten_percent,1,8,3.171084,2,True,[]
n2_ten_percent,2,1,1,ten_percent,1,9,3.006875,2,True,[]
n2_ten_percent,2,1,1,ten_percent,1,10,3.113042,2,True,[]
n2_ten_percent,2,1,1,ten_percent,1,11,2.944,2,True,[]
n2_ten_percent,2,1,1,ten_percent,1,12,3.207959,2,True,[]
n2_ten_percent,2,1,1,ten_percent,1,13,3.059084,2,True,[]
n2_ten_percent,2,1,1,ten_percent,1,14,2.966958,2,True,[]
n2_ten_percent,2,1,1,ten_percent,1,15,2.856625,2,True,[]
n2_ten_percent,2,1,1,ten_percent,1,16,3.132458,2,True,[]
n2_ten_percent,2,1,1,ten_percent,1,17,2.834042,2,True,[]
n2_ten_percent,2,1,1,ten_percent,1,18,3.065208,2,True,[]
n2_ten_percent,2,1,1,ten_percent,1,19,2.908792,2,True,[]
n2_ten_percent,2,1,1,ten_percent,1,20,3.008416,2,True,[]
n2_ten_percent,2,1,1,ten_percent,1,21,2.796625,2,True,[]
n2_ten_percent,2,1,1,ten_percent,1,22,3.054875,2,True,[]
n2_ten_percent,2,1,1,ten_percent,1,23,3.047458,2,True,[]
n2_ten_percent,2,1,1,ten_percent,1,24,3.04975,2,True,[]
n2_ten_percent,2,1,1,ten_percent,1,25,3.107542,2,True,[]
n2_ten_percent,2,1,1,ten_percent,1,26,3.007083,2,True,[]
n2_ten_percent,2,1,1,ten_percent,1,27,2.828042,2,True,[]
n2_ten_percent,2,1,1,ten_percent,1,28,2.992542,2,True,[]
n2_ten_percent,2,1,1,ten_percent,1,29,2.873541,2,True,[]
n2_ten_percent,2,1,1,ten_percent,1,30,3.061542,2,True,[]
n2_ten_percent,2,1,1,ten_percent,2,1,3.017625,2,True,[]
n2_ten_percent,2,1,1,ten_percent,2,2,2.89725,2,True,[]
n2_ten_percent,2,1,1,ten_percent,2,3,2.781959,2,True,[]
n2_ten_percent,2,1,1,ten_percent,2,4,3.007625,2,True,[]
n2_ten_percent,2,1,1,ten_percent,2,5,2.994625,2,True,[]
n2_ten_percent,2,1,1,ten_percent,2,6,3.189959,2,True,[]
n2_ten_percent,2,1,1,ten_percent,2,7,3.074792,2,True,[]
n2_ten_percent,2,1,1,ten_percent,2,8,3.130875,2,True,[]
n2_ten_percent,2,1,1,ten_percent,2,9,3.20825,2,True,[]
n2_ten_percent,2,1,1,ten_percent,2,10,3.09,2,True,[]
n2_ten_percent,2,1,1,ten_percent,2,11,2.8385,2,True,[]
n2_ten_percent,2,1,1,ten_percent,2,12,3.060125,2,True,[]
n2_ten_percent,2,1,1,ten_percent,2,13,3.013041,2,True,[]
n2_ten_percent,2,1,1,ten_percent,2,14,2.839792,2,True,[]
n2_ten_percent,2,1,1,ten_percent,2,15,2.944875,2,True,[]
n2_ten_percent,2,1,1,ten_percent,2,16,3.086125,2,True,[]
n2_ten_percent,2,1,1,ten_percent,2,17,2.766,2,True,[]
n2_ten_percent,2,1,1,ten_percent,2,18,3.195125,2,True,[]
n2_ten_percent,2,1,1,ten_percent,2,19,2.799208,2,True,[]
n2_ten_percent,2,1,1,ten_percent,2,20,2.857292,2,True,[]
n2_ten_percent,2,1,1,ten_percent,2,21,2.845,2,True,[]
n2_ten_percent,2,1,1,ten_percent,2,22,3.155333,2,True,[]
n2_ten_percent,2,1,1,ten_percent,2,23,2.860333,2,True,[]
n2_ten_percent,2,1,1,ten_percent,2,24,2.895125,2,True,[]
n2_ten_percent,2,1,1,ten_percent,2,25,2.930709,2,True,[]
n2_ten_percent,2,1,1,ten_percent,2,26,3.067,2,True,[]
n2_ten_percent,2,1,1,ten_percent,2,27,2.858625,2,True,[]
n2_ten_percent,2,1,1,ten_percent,2,28,3.010375,2,True,[]
n2_ten_percent,2,1,1,ten_percent,2,29,2.913209,2,True,[]
n2_ten_percent,2,1,1,ten_percent,2,30,2.84675,2,True,[]
n2_ten_percent,2,1,1,ten_percent,3,1,2.966958,2,True,[]
n2_ten_percent,2,1,1,ten_percent,3,2,3.055875,2,True,[]
n2_ten_percent,2,1,1,ten_percent,3,3,2.970708,2,True,[]
n2_ten_percent,2,1,1,ten_percent,3,4,3.049209,2,True,[]
n2_ten_percent,2,1,1,ten_percent,3,5,2.8085,2,True,[]
n2_ten_percent,2,1,1,ten_percent,3,6,3.090792,2,True,[]
n2_ten_percent,2,1,1,ten_percent,3,7,2.951333,2,True,[]
n2_ten_percent,2,1,1,ten_percent,3,8,3.020917,2,True,[]
n2_ten_percent,2,1,1,ten_percent,3,9,2.916542,2,True,[]
n2_ten_percent,2,1,1,ten_percent,3,10,2.878208,2,True,[]
n2_ten_percent,2,1,1,ten_percent,3,11,2.899083,2,True,[]
n2_ten_percent,2,1,1,ten_percent,3,12,3.119875,2,True,[]
n2_ten_percent,2,1,1,ten_percent,3,13,2.884208,2,True,[]
n2_ten_percent,2,1,1,ten_percent,3,14,3.093209,2,True,[]
n2_ten_percent,2,1,1,ten_percent,3,15,2.926041,2,True,[]
n2_ten_percent,2,1,1,ten_percent,3,16,3.0375,2,True,[]
n2_ten_percent,2,1,1,ten_percent,3,17,2.907541,2,True,[]
n2_ten_percent,2,1,1,ten_percent,3,18,3.090125,2,True,[]
n2_ten_percent,2,1,1,ten_percent,3,19,2.991375,2,True,[]
n2_ten_percent,2,1,1,ten_percent,3,20,3.031375,2,True,[]
n2_ten_percent,2,1,1,ten_percent,3,21,2.953083,2,True,[]
n2_ten_percent,2,1,1,ten_percent,3,22,2.997041,2,True,[]
n2_ten_percent,2,1,1,ten_percent,3,23,3.021875,2,True,[]
n2_ten_percent,2,1,1,ten_percent,3,24,3.084958,2,True,[]
n2_ten_percent,2,1,1,ten_percent,3,25,2.801833,2,True,[]
n2_ten_percent,2,1,1,ten_percent,3,26,3.17725,2,True,[]
n2_ten_percent,2,1,1,ten_percent,3,27,2.950458,2,True,[]
n2_ten_percent,2,1,1,ten_percent,3,28,3.144667,2,True,[]
n2_ten_percent,2,1,1,ten_percent,3,29,3.1065,2,True,[]
n2_ten_percent,2,1,1,ten_percent,3,30,3.103792,2,True,[]
n10_zero,10,45,0,zero,1,1,2.980333,2,True,[]
n10_zero,10,45,0,zero,1,2,2.867417,2,True,[]
n10_zero,10,45,0,zero,1,3,2.884375,2,True,[]
n10_zero,10,45,0,zero,1,4,2.926583,2,True,[]
n10_zero,10,45,0,zero,1,5,2.803459,2,True,[]
n10_zero,10,45,0,zero,1,6,2.882458,2,True,[]
n10_zero,10,45,0,zero,1,7,2.970042,2,True,[]
n10_zero,10,45,0,zero,1,8,2.751458,2,True,[]
n10_zero,10,45,0,zero,1,9,2.744375,2,True,[]
n10_zero,10,45,0,zero,1,10,2.996959,2,True,[]
n10_zero,10,45,0,zero,1,11,2.8945,2,True,[]
n10_zero,10,45,0,zero,1,12,2.844625,2,True,[]
n10_zero,10,45,0,zero,1,13,4.527292,3,True,[]
n10_zero,10,45,0,zero,1,14,3.516917,3,True,[]
n10_zero,10,45,0,zero,1,15,3.397542,2,True,[]
n10_zero,10,45,0,zero,1,16,3.66525,3,True,[]
n10_zero,10,45,0,zero,1,17,4.985833,4,True,[]
n10_zero,10,45,0,zero,1,18,3.562667,3,True,[]
n10_zero,10,45,0,zero,1,19,3.11925,2,True,[]
n10_zero,10,45,0,zero,1,20,2.922209,2,True,[]
n10_zero,10,45,0,zero,1,21,2.989875,2,True,[]
n10_zero,10,45,0,zero,1,22,3.084875,2,True,[]
n10_zero,10,45,0,zero,1,23,2.863125,2,True,[]
n10_zero,10,45,0,zero,1,24,2.803708,2,True,[]
n10_zero,10,45,0,zero,1,25,3.500709,3,True,[]
n10_zero,10,45,0,zero,1,26,3.1435,2,True,[]
n10_zero,10,45,0,zero,1,27,2.858791,2,True,[]
n10_zero,10,45,0,zero,1,28,3.000625,2,True,[]
n10_zero,10,45,0,zero,1,29,3.024791,2,True,[]
n10_zero,10,45,0,zero,1,30,3.074917,2,True,[]
n10_zero,10,45,0,zero,2,1,2.96,2,True,[]
n10_zero,10,45,0,zero,2,2,2.993083,2,True,[]
n10_zero,10,45,0,zero,2,3,2.887083,2,True,[]
n10_zero,10,45,0,zero,2,4,3.082125,2,True,[]
n10_zero,10,45,0,zero,2,5,2.914583,2,True,[]
n10_zero,10,45,0,zero,2,6,2.940291,2,True,[]
n10_zero,10,45,0,zero,2,7,3.127167,2,True,[]
n10_zero,10,45,0,zero,2,8,2.8935,2,True,[]
n10_zero,10,45,0,zero,2,9,3.050667,2,True,[]
n10_zero,10,45,0,zero,2,10,2.8885,2,True,[]
n10_zero,10,45,0,zero,2,11,3.013583,2,True,[]
n10_zero,10,45,0,zero,2,12,3.476583,3,True,[]
n10_zero,10,45,0,zero,2,13,2.958125,2,True,[]
n10_zero,10,45,0,zero,2,14,2.960959,2,True,[]
n10_zero,10,45,0,zero,2,15,2.838083,2,True,[]
n10_zero,10,45,0,zero,2,16,3.244916,2,True,[]
n10_zero,10,45,0,zero,2,17,3.152667,2,True,[]
n10_zero,10,45,0,zero,2,18,3.05625,2,True,[]
n10_zero,10,45,0,zero,2,19,3.209958,2,True,[]
n10_zero,10,45,0,zero,2,20,3.074291,2,True,[]
n10_zero,10,45,0,zero,2,21,3.11975,2,True,[]
n10_zero,10,45,0,zero,2,22,3.1635,2,True,[]
n10_zero,10,45,0,zero,2,23,3.062041,2,True,[]
n10_zero,10,45,0,zero,2,24,3.065041,2,True,[]
n10_zero,10,45,0,zero,2,25,3.185208,2,True,[]
n10_zero,10,45,0,zero,2,26,3.032792,2,True,[]
n10_zero,10,45,0,zero,2,27,3.03875,2,True,[]
n10_zero,10,45,0,zero,2,28,3.18475,2,True,[]
n10_zero,10,45,0,zero,2,29,3.077792,2,True,[]
n10_zero,10,45,0,zero,2,30,3.041458,2,True,[]
n10_zero,10,45,0,zero,3,1,3.179041,2,True,[]
n10_zero,10,45,0,zero,3,2,3.081667,2,True,[]
n10_zero,10,45,0,zero,3,3,3.171875,2,True,[]
n10_zero,10,45,0,zero,3,4,3.282,2,True,[]
n10_zero,10,45,0,zero,3,5,3.194583,2,True,[]
n10_zero,10,45,0,zero,3,6,3.109667,2,True,[]
n10_zero,10,45,0,zero,3,7,3.21825,2,True,[]
n10_zero,10,45,0,zero,3,8,3.084625,2,True,[]
n10_zero,10,45,0,zero,3,9,3.078208,2,True,[]
n10_zero,10,45,0,zero,3,10,3.177083,2,True,[]
n10_zero,10,45,0,zero,3,11,3.109792,2,True,[]
n10_zero,10,45,0,zero,3,12,3.079375,2,True,[]
n10_zero,10,45,0,zero,3,13,3.153458,2,True,[]
n10_zero,10,45,0,zero,3,14,3.109125,2,True,[]
n10_zero,10,45,0,zero,3,15,3.044834,2,True,[]
n10_zero,10,45,0,zero,3,16,3.217916,2,True,[]
n10_zero,10,45,0,zero,3,17,3.103959,2,True,[]
n10_zero,10,45,0,zero,3,18,3.067416,2,True,[]
n10_zero,10,45,0,zero,3,19,3.176417,2,True,[]
n10_zero,10,45,0,zero,3,20,3.075167,2,True,[]
n10_zero,10,45,0,zero,3,21,3.083542,2,True,[]
n10_zero,10,45,0,zero,3,22,3.160334,2,True,[]
n10_zero,10,45,0,zero,3,23,3.066625,2,True,[]
n10_zero,10,45,0,zero,3,24,3.046458,2,True,[]
n10_zero,10,45,0,zero,3,25,3.20125,2,True,[]
n10_zero,10,45,0,zero,3,26,3.069041,2,True,[]
n10_zero,10,45,0,zero,3,27,3.121,2,True,[]
n10_zero,10,45,0,zero,3,28,3.228708,2,True,[]
n10_zero,10,45,0,zero,3,29,3.077875,2,True,[]
n10_zero,10,45,0,zero,3,30,3.113458,2,True,[]
n10_ten_percent,10,45,5,ten_percent,1,1,5.193125,4,True,[]
n10_ten_percent,10,45,5,ten_percent,1,2,5.256875,4,True,[]
n10_ten_percent,10,45,5,ten_percent,1,3,5.258417,4,True,[]
n10_ten_percent,10,45,5,ten_percent,1,4,5.168458,4,True,[]
n10_ten_percent,10,45,5,ten_percent,1,5,5.187,4,True,[]
n10_ten_percent,10,45,5,ten_percent,1,6,5.261708,4,True,[]
n10_ten_percent,10,45,5,ten_percent,1,7,5.312542,4,True,[]
n10_ten_percent,10,45,5,ten_percent,1,8,5.32225,4,True,[]
n10_ten_percent,10,45,5,ten_percent,1,9,5.204292,4,True,[]
n10_ten_percent,10,45,5,ten_percent,1,10,5.035208,4,True,[]
n10_ten_percent,10,45,5,ten_percent,1,11,4.935791,4,True,[]
n10_ten_percent,10,45,5,ten_percent,1,12,5.072917,4,True,[]
n10_ten_percent,10,45,5,ten_percent,1,13,5.252708,4,True,[]
n10_ten_percent,10,45,5,ten_percent,1,14,5.144458,4,True,[]
n10_ten_percent,10,45,5,ten_percent,1,15,5.236,4,True,[]
n10_ten_percent,10,45,5,ten_percent,1,16,5.239459,4,True,[]
n10_ten_percent,10,45,5,ten_percent,1,17,5.176,4,True,[]
n10_ten_percent,10,45,5,ten_percent,1,18,5.155167,4,True,[]
n10_ten_percent,10,45,5,ten_percent,1,19,5.194916,4,True,[]
n10_ten_percent,10,45,5,ten_percent,1,20,5.167875,4,True,[]
n10_ten_percent,10,45,5,ten_percent,1,21,5.191542,4,True,[]
n10_ten_percent,10,45,5,ten_percent,1,22,5.210792,4,True,[]
n10_ten_percent,10,45,5,ten_percent,1,23,5.1765,4,True,[]
n10_ten_percent,10,45,5,ten_percent,1,24,5.1765,4,True,[]
n10_ten_percent,10,45,5,ten_percent,1,25,5.185833,4,True,[]
n10_ten_percent,10,45,5,ten_percent,1,26,5.177417,4,True,[]
n10_ten_percent,10,45,5,ten_percent,1,27,5.137291,4,True,[]
n10_ten_percent,10,45,5,ten_percent,1,28,5.178083,4,True,[]
n10_ten_percent,10,45,5,ten_percent,1,29,5.179708,4,True,[]
n10_ten_percent,10,45,5,ten_percent,1,30,5.1165,4,True,[]
n10_ten_percent,10,45,5,ten_percent,2,1,5.085125,4,True,[]
n10_ten_percent,10,45,5,ten_percent,2,2,5.11325,4,True,[]
n10_ten_percent,10,45,5,ten_percent,2,3,5.171667,4,True,[]
n10_ten_percent,10,45,5,ten_percent,2,4,5.103792,4,True,[]
n10_ten_percent,10,45,5,ten_percent,2,5,5.314334,4,True,[]
n10_ten_percent,10,45,5,ten_percent,2,6,5.167625,4,True,[]
n10_ten_percent,10,45,5,ten_percent,2,7,5.182958,4,True,[]
n10_ten_percent,10,45,5,ten_percent,2,8,5.200833,4,True,[]
n10_ten_percent,10,45,5,ten_percent,2,9,5.195375,4,True,[]
n10_ten_percent,10,45,5,ten_percent,2,10,21.418166,20,True,[]
n10_ten_percent,10,45,5,ten_percent,2,11,6.47925,5,True,[]
n10_ten_percent,10,45,5,ten_percent,2,12,6.832333,6,True,[]
n10_ten_percent,10,45,5,ten_percent,2,13,6.065292,5,True,[]
n10_ten_percent,10,45,5,ten_percent,2,14,5.973209,5,True,[]
n10_ten_percent,10,45,5,ten_percent,2,15,5.899708,5,True,[]
n10_ten_percent,10,45,5,ten_percent,2,16,5.805916,5,True,[]
n10_ten_percent,10,45,5,ten_percent,2,17,5.914333,5,True,[]
n10_ten_percent,10,45,5,ten_percent,2,18,5.922334,5,True,[]
n10_ten_percent,10,45,5,ten_percent,2,19,5.684334,5,True,[]
n10_ten_percent,10,45,5,ten_percent,2,20,5.919708,5,True,[]
n10_ten_percent,10,45,5,ten_percent,2,21,5.914125,5,True,[]
n10_ten_percent,10,45,5,ten_percent,2,22,5.91625,5,True,[]
n10_ten_percent,10,45,5,ten_percent,2,23,5.982042,5,True,[]
n10_ten_percent,10,45,5,ten_percent,2,24,5.884208,5,True,[]
n10_ten_percent,10,45,5,ten_percent,2,25,5.886334,5,True,[]
n10_ten_percent,10,45,5,ten_percent,2,26,5.938041,5,True,[]
n10_ten_percent,10,45,5,ten_percent,2,27,5.863459,5,True,[]
n10_ten_percent,10,45,5,ten_percent,2,28,5.985458,5,True,[]
n10_ten_percent,10,45,5,ten_percent,2,29,5.935166,5,True,[]
n10_ten_percent,10,45,5,ten_percent,2,30,5.903167,5,True,[]
n10_ten_percent,10,45,5,ten_percent,3,1,5.905584,5,True,[]
n10_ten_percent,10,45,5,ten_percent,3,2,5.899708,5,True,[]
n10_ten_percent,10,45,5,ten_percent,3,3,5.88925,5,True,[]
n10_ten_percent,10,45,5,ten_percent,3,4,5.937666,5,True,[]
n10_ten_percent,10,45,5,ten_percent,3,5,5.903292,5,True,[]
n10_ten_percent,10,45,5,ten_percent,3,6,6.040667,5,True,[]
n10_ten_percent,10,45,5,ten_percent,3,7,5.920416,5,True,[]
n10_ten_percent,10,45,5,ten_percent,3,8,5.886291,5,True,[]
n10_ten_percent,10,45,5,ten_percent,3,9,5.896583,5,True,[]
n10_ten_percent,10,45,5,ten_percent,3,10,5.91975,5,True,[]
n10_ten_percent,10,45,5,ten_percent,3,11,5.913209,5,True,[]
n10_ten_percent,10,45,5,ten_percent,3,12,5.909916,5,True,[]
n10_ten_percent,10,45,5,ten_percent,3,13,6.028375,5,True,[]
n10_ten_percent,10,45,5,ten_percent,3,14,5.810334,5,True,[]
n10_ten_percent,10,45,5,ten_percent,3,15,5.69675,5,True,[]
n10_ten_percent,10,45,5,ten_percent,3,16,5.702416,5,True,[]
n10_ten_percent,10,45,5,ten_percent,3,17,5.773667,5,True,[]
n10_ten_percent,10,45,5,ten_percent,3,18,5.95425,5,True,[]
n10_ten_percent,10,45,5,ten_percent,3,19,5.885083,5,True,[]
n10_ten_percent,10,45,5,ten_percent,3,20,5.923458,5,True,[]
n10_ten_percent,10,45,5,ten_percent,3,21,6.028417,5,True,[]
n10_ten_percent,10,45,5,ten_percent,3,22,5.4365,4,True,[]
n10_ten_percent,10,45,5,ten_percent,3,23,5.412125,4,True,[]
n10_ten_percent,10,45,5,ten_percent,3,24,5.425458,4,True,[]
n10_ten_percent,10,45,5,ten_percent,3,25,5.333333,4,True,[]
n10_ten_percent,10,45,5,ten_percent,3,26,5.459416,4,True,[]
n10_ten_percent,10,45,5,ten_percent,3,27,5.4805,4,True,[]
n10_ten_percent,10,45,5,ten_percent,3,28,5.500833,4,True,[]
n10_ten_percent,10,45,5,ten_percent,3,29,5.396375,4,True,[]
n10_ten_percent,10,45,5,ten_percent,3,30,5.409375,4,True,[]
n25_zero,25,300,0,zero,1,1,18.822292,18,True,[]
n25_zero,25,300,0,zero,1,2,18.715292,17,True,[]
n25_zero,25,300,0,zero,1,3,18.966125,18,True,[]
n25_zero,25,300,0,zero,1,4,17.131541,16,True,[]
n25_zero,25,300,0,zero,1,5,17.244583,16,True,[]
n25_zero,25,300,0,zero,1,6,16.946708,16,True,[]
n25_zero,25,300,0,zero,1,7,18.60025,17,True,[]
n25_zero,25,300,0,zero,1,8,19.941667,19,True,[]
n25_zero,25,300,0,zero,1,9,18.052333,17,True,[]
n25_zero,25,300,0,zero,1,10,17.78175,17,True,[]
n25_zero,25,300,0,zero,1,11,18.14175,17,True,[]
n25_zero,25,300,0,zero,1,12,16.852959,16,True,[]
n25_zero,25,300,0,zero,1,13,17.349625,16,True,[]
n25_zero,25,300,0,zero,1,14,17.293083,16,True,[]
n25_zero,25,300,0,zero,1,15,16.888334,16,True,[]
n25_zero,25,300,0,zero,1,16,17.982541,17,True,[]
n25_zero,25,300,0,zero,1,17,16.9035,16,True,[]
n25_zero,25,300,0,zero,1,18,17.292666,16,True,[]
n25_zero,25,300,0,zero,1,19,17.056375,16,True,[]
n25_zero,25,300,0,zero,1,20,17.218625,16,True,[]
n25_zero,25,300,0,zero,1,21,17.005083,16,True,[]
n25_zero,25,300,0,zero,1,22,17.869334,17,True,[]
n25_zero,25,300,0,zero,1,23,17.82925,17,True,[]
n25_zero,25,300,0,zero,1,24,18.109875,17,True,[]
n25_zero,25,300,0,zero,1,25,17.74225,17,True,[]
n25_zero,25,300,0,zero,1,26,17.953791,17,True,[]
n25_zero,25,300,0,zero,1,27,17.83375,17,True,[]
n25_zero,25,300,0,zero,1,28,18.010084,17,True,[]
n25_zero,25,300,0,zero,1,29,17.915875,17,True,[]
n25_zero,25,300,0,zero,1,30,18.119666,17,True,[]
n25_zero,25,300,0,zero,2,1,17.846583,17,True,[]
n25_zero,25,300,0,zero,2,2,17.971834,17,True,[]
n25_zero,25,300,0,zero,2,3,17.809708,17,True,[]
n25_zero,25,300,0,zero,2,4,18.069334,17,True,[]
n25_zero,25,300,0,zero,2,5,17.711834,17,True,[]
n25_zero,25,300,0,zero,2,6,18.236166,17,True,[]
n25_zero,25,300,0,zero,2,7,17.573125,16,True,[]
n25_zero,25,300,0,zero,2,8,18.743041,17,True,[]
n25_zero,25,300,0,zero,2,9,17.919583,17,True,[]
n25_zero,25,300,0,zero,2,10,18.026,17,True,[]
n25_zero,25,300,0,zero,2,11,17.807375,17,True,[]
n25_zero,25,300,0,zero,2,12,18.126333,17,True,[]
n25_zero,25,300,0,zero,2,13,17.779375,17,True,[]
n25_zero,25,300,0,zero,2,14,18.100542,17,True,[]
n25_zero,25,300,0,zero,2,15,17.810791,17,True,[]
n25_zero,25,300,0,zero,2,16,18.169167,17,True,[]
n25_zero,25,300,0,zero,2,17,17.596833,16,True,[]
n25_zero,25,300,0,zero,2,18,18.213083,17,True,[]
n25_zero,25,300,0,zero,2,19,17.873708,17,True,[]
n25_zero,25,300,0,zero,2,20,17.983917,17,True,[]
n25_zero,25,300,0,zero,2,21,16.746709,16,True,[]
n25_zero,25,300,0,zero,2,22,17.683667,16,True,[]
n25_zero,25,300,0,zero,2,23,17.13175,16,True,[]
n25_zero,25,300,0,zero,2,24,16.957084,16,True,[]
n25_zero,25,300,0,zero,2,25,17.32975,16,True,[]
n25_zero,25,300,0,zero,2,26,17.181917,16,True,[]
n25_zero,25,300,0,zero,2,27,17.410958,16,True,[]
n25_zero,25,300,0,zero,2,28,16.841042,16,True,[]
n25_zero,25,300,0,zero,2,29,17.853042,17,True,[]
n25_zero,25,300,0,zero,2,30,17.727584,17,True,[]
n25_zero,25,300,0,zero,3,1,16.7755,16,True,[]
n25_zero,25,300,0,zero,3,2,17.656791,16,True,[]
n25_zero,25,300,0,zero,3,3,16.919917,16,True,[]
n25_zero,25,300,0,zero,3,4,17.135958,16,True,[]
n25_zero,25,300,0,zero,3,5,16.880834,16,True,[]
n25_zero,25,300,0,zero,3,6,17.132,16,True,[]
n25_zero,25,300,0,zero,3,7,17.120667,16,True,[]
n25_zero,25,300,0,zero,3,8,17.765541,16,True,[]
n25_zero,25,300,0,zero,3,9,20.080458,19,True,[]
n25_zero,25,300,0,zero,3,10,18.888334,18,True,[]
n25_zero,25,300,0,zero,3,11,18.695125,17,True,[]
n25_zero,25,300,0,zero,3,12,18.126458,17,True,[]
n25_zero,25,300,0,zero,3,13,18.432,17,True,[]
n25_zero,25,300,0,zero,3,14,17.829958,17,True,[]
n25_zero,25,300,0,zero,3,15,17.968958,17,True,[]
n25_zero,25,300,0,zero,3,16,16.897834,16,True,[]
n25_zero,25,300,0,zero,3,17,17.452916,16,True,[]
n25_zero,25,300,0,zero,3,18,17.164,16,True,[]
n25_zero,25,300,0,zero,3,19,17.438291,16,True,[]
n25_zero,25,300,0,zero,3,20,17.049208,16,True,[]
n25_zero,25,300,0,zero,3,21,17.256375,16,True,[]
n25_zero,25,300,0,zero,3,22,16.953292,16,True,[]
n25_zero,25,300,0,zero,3,23,17.356042,16,True,[]
n25_zero,25,300,0,zero,3,24,17.030292,16,True,[]
n25_zero,25,300,0,zero,3,25,17.3255,16,True,[]
n25_zero,25,300,0,zero,3,26,17.019875,16,True,[]
n25_zero,25,300,0,zero,3,27,17.16875,16,True,[]
n25_zero,25,300,0,zero,3,28,16.951958,16,True,[]
n25_zero,25,300,0,zero,3,29,17.223,16,True,[]
n25_zero,25,300,0,zero,3,30,16.939625,16,True,[]
n25_ten_percent,25,300,30,ten_percent,1,1,24.17725,23,True,[]
n25_ten_percent,25,300,30,ten_percent,1,2,26.080166,25,True,[]
n25_ten_percent,25,300,30,ten_percent,1,3,25.130167,24,True,[]
n25_ten_percent,25,300,30,ten_percent,1,4,25.095208,24,True,[]
n25_ten_percent,25,300,30,ten_percent,1,5,25.229709,24,True,[]
n25_ten_percent,25,300,30,ten_percent,1,6,25.107125,24,True,[]
n25_ten_percent,25,300,30,ten_percent,1,7,25.01625,24,True,[]
n25_ten_percent,25,300,30,ten_percent,1,8,25.058792,24,True,[]
n25_ten_percent,25,300,30,ten_percent,1,9,25.043917,24,True,[]
n25_ten_percent,25,300,30,ten_percent,1,10,24.974,24,True,[]
n25_ten_percent,25,300,30,ten_percent,1,11,25.225875,24,True,[]
n25_ten_percent,25,300,30,ten_percent,1,12,25.135125,24,True,[]
n25_ten_percent,25,300,30,ten_percent,1,13,25.020084,24,True,[]
n25_ten_percent,25,300,30,ten_percent,1,14,25.0785,24,True,[]
n25_ten_percent,25,300,30,ten_percent,1,15,25.0105,24,True,[]
n25_ten_percent,25,300,30,ten_percent,1,16,25.080333,24,True,[]
n25_ten_percent,25,300,30,ten_percent,1,17,25.175,24,True,[]
n25_ten_percent,25,300,30,ten_percent,1,18,25.028708,24,True,[]
n25_ten_percent,25,300,30,ten_percent,1,19,25.101708,24,True,[]
n25_ten_percent,25,300,30,ten_percent,1,20,24.62975,23,True,[]
n25_ten_percent,25,300,30,ten_percent,1,21,25.077792,24,True,[]
n25_ten_percent,25,300,30,ten_percent,1,22,24.411917,23,True,[]
n25_ten_percent,25,300,30,ten_percent,1,23,26.23425,25,True,[]
n25_ten_percent,25,300,30,ten_percent,1,24,27.104334,26,True,[]
n25_ten_percent,25,300,30,ten_percent,1,25,26.50475,25,True,[]
n25_ten_percent,25,300,30,ten_percent,1,26,25.880125,25,True,[]
n25_ten_percent,25,300,30,ten_percent,1,27,26.122125,25,True,[]
n25_ten_percent,25,300,30,ten_percent,1,28,26.208708,25,True,[]
n25_ten_percent,25,300,30,ten_percent,1,29,26.167,25,True,[]
n25_ten_percent,25,300,30,ten_percent,1,30,25.412667,24,True,[]
n25_ten_percent,25,300,30,ten_percent,2,1,25.012042,24,True,[]
n25_ten_percent,25,300,30,ten_percent,2,2,25.630375,24,True,[]
n25_ten_percent,25,300,30,ten_percent,2,3,26.034458,25,True,[]
n25_ten_percent,25,300,30,ten_percent,2,4,25.864292,25,True,[]
n25_ten_percent,25,300,30,ten_percent,2,5,25.887666,25,True,[]
n25_ten_percent,25,300,30,ten_percent,2,6,25.637917,24,True,[]
n25_ten_percent,25,300,30,ten_percent,2,7,25.724416,24,True,[]
n25_ten_percent,25,300,30,ten_percent,2,8,25.444083,24,True,[]
n25_ten_percent,25,300,30,ten_percent,2,9,25.272541,24,True,[]
n25_ten_percent,25,300,30,ten_percent,2,10,25.604583,24,True,[]
n25_ten_percent,25,300,30,ten_percent,2,11,25.433125,24,True,[]
n25_ten_percent,25,300,30,ten_percent,2,12,26.012792,25,True,[]
n25_ten_percent,25,300,30,ten_percent,2,13,25.30775,24,True,[]
n25_ten_percent,25,300,30,ten_percent,2,14,27.035417,26,True,[]
n25_ten_percent,25,300,30,ten_percent,2,15,26.16875,25,True,[]
n25_ten_percent,25,300,30,ten_percent,2,16,24.949542,24,True,[]
n25_ten_percent,25,300,30,ten_percent,2,17,25.33675,24,True,[]
n25_ten_percent,25,300,30,ten_percent,2,18,25.136208,24,True,[]
n25_ten_percent,25,300,30,ten_percent,2,19,24.835209,24,True,[]
n25_ten_percent,25,300,30,ten_percent,2,20,25.5185,24,True,[]
n25_ten_percent,25,300,30,ten_percent,2,21,25.236291,24,True,[]
n25_ten_percent,25,300,30,ten_percent,2,22,25.24575,24,True,[]
n25_ten_percent,25,300,30,ten_percent,2,23,25.412583,24,True,[]
n25_ten_percent,25,300,30,ten_percent,2,24,25.137667,24,True,[]
n25_ten_percent,25,300,30,ten_percent,2,25,24.927625,24,True,[]
n25_ten_percent,25,300,30,ten_percent,2,26,25.534792,24,True,[]
n25_ten_percent,25,300,30,ten_percent,2,27,24.950209,24,True,[]
n25_ten_percent,25,300,30,ten_percent,2,28,25.078709,24,True,[]
n25_ten_percent,25,300,30,ten_percent,2,29,25.225333,24,True,[]
n25_ten_percent,25,300,30,ten_percent,2,30,24.082875,23,True,[]
n25_ten_percent,25,300,30,ten_percent,3,1,25.901708,25,True,[]
n25_ten_percent,25,300,30,ten_percent,3,2,24.903,24,True,[]
n25_ten_percent,25,300,30,ten_percent,3,3,24.602,23,True,[]
n25_ten_percent,25,300,30,ten_percent,3,4,25.688292,24,True,[]
n25_ten_percent,25,300,30,ten_percent,3,5,25.477333,24,True,[]
n25_ten_percent,25,300,30,ten_percent,3,6,28.1995,27,True,[]
n25_ten_percent,25,300,30,ten_percent,3,7,26.477542,25,True,[]
n25_ten_percent,25,300,30,ten_percent,3,8,25.239667,24,True,[]
n25_ten_percent,25,300,30,ten_percent,3,9,24.569,23,True,[]
n25_ten_percent,25,300,30,ten_percent,3,10,24.931583,24,True,[]
n25_ten_percent,25,300,30,ten_percent,3,11,25.03525,24,True,[]
n25_ten_percent,25,300,30,ten_percent,3,12,24.923167,24,True,[]
n25_ten_percent,25,300,30,ten_percent,3,13,24.611416,23,True,[]
n25_ten_percent,25,300,30,ten_percent,3,14,24.919541,24,True,[]
n25_ten_percent,25,300,30,ten_percent,3,15,24.833917,23,True,[]
n25_ten_percent,25,300,30,ten_percent,3,16,24.612875,23,True,[]
n25_ten_percent,25,300,30,ten_percent,3,17,24.829875,23,True,[]
n25_ten_percent,25,300,30,ten_percent,3,18,24.692084,23,True,[]
n25_ten_percent,25,300,30,ten_percent,3,19,24.737041,23,True,[]
n25_ten_percent,25,300,30,ten_percent,3,20,24.70775,23,True,[]
n25_ten_percent,25,300,30,ten_percent,3,21,24.768375,23,True,[]
n25_ten_percent,25,300,30,ten_percent,3,22,23.816583,23,True,[]
n25_ten_percent,25,300,30,ten_percent,3,23,24.625959,23,True,[]
n25_ten_percent,25,300,30,ten_percent,3,24,24.7045,23,True,[]
n25_ten_percent,25,300,30,ten_percent,3,25,24.795708,23,True,[]
n25_ten_percent,25,300,30,ten_percent,3,26,23.746292,23,True,[]
n25_ten_percent,25,300,30,ten_percent,3,27,26.779125,25,True,[]
n25_ten_percent,25,300,30,ten_percent,3,28,25.239958,24,True,[]
n25_ten_percent,25,300,30,ten_percent,3,29,25.886875,25,True,[]
n25_ten_percent,25,300,30,ten_percent,3,30,25.819042,24,True,[]
n50_zero,50,1225,0,zero,1,1,207.334125,206,True,[]
n50_zero,50,1225,0,zero,1,2,205.954833,204,True,[]
n50_zero,50,1225,0,zero,1,3,205.754333,204,True,[]
n50_zero,50,1225,0,zero,1,4,210.628958,209,True,[]
n50_zero,50,1225,0,zero,1,5,208.246792,207,True,[]
n50_zero,50,1225,0,zero,1,6,209.76575,208,True,[]
n50_zero,50,1225,0,zero,1,7,199.7455,198,True,[]
n50_zero,50,1225,0,zero,1,8,200.174291,199,True,[]
n50_zero,50,1225,0,zero,1,9,203.79825,202,True,[]
n50_zero,50,1225,0,zero,1,10,203.393333,202,True,[]
n50_zero,50,1225,0,zero,1,11,203.565583,202,True,[]
n50_zero,50,1225,0,zero,1,12,207.810583,206,True,[]
n50_zero,50,1225,0,zero,1,13,207.015792,205,True,[]
n50_zero,50,1225,0,zero,1,14,206.02525,204,True,[]
n50_zero,50,1225,0,zero,1,15,201.724458,200,True,[]
n50_zero,50,1225,0,zero,1,16,202.118333,200,True,[]
n50_zero,50,1225,0,zero,1,17,203.602459,202,True,[]
n50_zero,50,1225,0,zero,1,18,203.133917,201,True,[]
n50_zero,50,1225,0,zero,1,19,200.849167,200,True,[]
n50_zero,50,1225,0,zero,1,20,208.595167,207,True,[]
n50_zero,50,1225,0,zero,1,21,208.997792,208,True,[]
n50_zero,50,1225,0,zero,1,22,208.953958,207,True,[]
n50_zero,50,1225,0,zero,1,23,209.405917,208,True,[]
n50_zero,50,1225,0,zero,1,24,211.162584,210,True,[]
n50_zero,50,1225,0,zero,1,25,206.195375,205,True,[]
n50_zero,50,1225,0,zero,1,26,209.694875,208,True,[]
n50_zero,50,1225,0,zero,1,27,207.789583,206,True,[]
n50_zero,50,1225,0,zero,1,28,199.747959,198,True,[]
n50_zero,50,1225,0,zero,1,29,199.912083,198,True,[]
n50_zero,50,1225,0,zero,1,30,203.235458,202,True,[]
n50_zero,50,1225,0,zero,2,1,202.177709,201,True,[]
n50_zero,50,1225,0,zero,2,2,204.233625,203,True,[]
n50_zero,50,1225,0,zero,2,3,204.384916,203,True,[]
n50_zero,50,1225,0,zero,2,4,206.664459,205,True,[]
n50_zero,50,1225,0,zero,2,5,209.496959,208,True,[]
n50_zero,50,1225,0,zero,2,6,203.805708,202,True,[]
n50_zero,50,1225,0,zero,2,7,203.684042,202,True,[]
n50_zero,50,1225,0,zero,2,8,203.114292,202,True,[]
n50_zero,50,1225,0,zero,2,9,201.701333,200,True,[]
n50_zero,50,1225,0,zero,2,10,203.226667,202,True,[]
n50_zero,50,1225,0,zero,2,11,202.908875,201,True,[]
n50_zero,50,1225,0,zero,2,12,201.70575,200,True,[]
n50_zero,50,1225,0,zero,2,13,203.12625,201,True,[]
n50_zero,50,1225,0,zero,2,14,202.961666,201,True,[]
n50_zero,50,1225,0,zero,2,15,203.753166,202,True,[]
n50_zero,50,1225,0,zero,2,16,202.468625,201,True,[]
n50_zero,50,1225,0,zero,2,17,205.3515,204,True,[]
n50_zero,50,1225,0,zero,2,18,204.688291,203,True,[]
n50_zero,50,1225,0,zero,2,19,204.590375,203,True,[]
n50_zero,50,1225,0,zero,2,20,203.46025,202,True,[]
n50_zero,50,1225,0,zero,2,21,211.843209,210,True,[]
n50_zero,50,1225,0,zero,2,22,210.474042,209,True,[]
n50_zero,50,1225,0,zero,2,23,207.542291,206,True,[]
n50_zero,50,1225,0,zero,2,24,209.761375,208,True,[]
n50_zero,50,1225,0,zero,2,25,203.473,202,True,[]
n50_zero,50,1225,0,zero,2,26,209.805375,208,True,[]
n50_zero,50,1225,0,zero,2,27,204.820292,203,True,[]
n50_zero,50,1225,0,zero,2,28,205.241584,204,True,[]
n50_zero,50,1225,0,zero,2,29,202.154459,200,True,[]
n50_zero,50,1225,0,zero,2,30,202.703834,201,True,[]
n50_zero,50,1225,0,zero,3,1,208.467667,207,True,[]
n50_zero,50,1225,0,zero,3,2,210.074333,208,True,[]
n50_zero,50,1225,0,zero,3,3,207.818458,206,True,[]
n50_zero,50,1225,0,zero,3,4,209.126834,208,True,[]
n50_zero,50,1225,0,zero,3,5,209.456416,208,True,[]
n50_zero,50,1225,0,zero,3,6,201.826333,200,True,[]
n50_zero,50,1225,0,zero,3,7,201.045958,200,True,[]
n50_zero,50,1225,0,zero,3,8,201.084667,199,True,[]
n50_zero,50,1225,0,zero,3,9,204.831417,203,True,[]
n50_zero,50,1225,0,zero,3,10,204.26,203,True,[]
n50_zero,50,1225,0,zero,3,11,204.756292,203,True,[]
n50_zero,50,1225,0,zero,3,12,204.998458,203,True,[]
n50_zero,50,1225,0,zero,3,13,202.999875,201,True,[]
n50_zero,50,1225,0,zero,3,14,204.152208,203,True,[]
n50_zero,50,1225,0,zero,3,15,208.815958,207,True,[]
n50_zero,50,1225,0,zero,3,16,205.915917,204,True,[]
n50_zero,50,1225,0,zero,3,17,203.268583,202,True,[]
n50_zero,50,1225,0,zero,3,18,204.647792,203,True,[]
n50_zero,50,1225,0,zero,3,19,206.3125,205,True,[]
n50_zero,50,1225,0,zero,3,20,206.636625,205,True,[]
n50_zero,50,1225,0,zero,3,21,208.065125,206,True,[]
n50_zero,50,1225,0,zero,3,22,208.452667,207,True,[]
n50_zero,50,1225,0,zero,3,23,204.826541,203,True,[]
n50_zero,50,1225,0,zero,3,24,203.302833,202,True,[]
n50_zero,50,1225,0,zero,3,25,204.445958,203,True,[]
n50_zero,50,1225,0,zero,3,26,206.518208,205,True,[]
n50_zero,50,1225,0,zero,3,27,203.936542,203,True,[]
n50_zero,50,1225,0,zero,3,28,207.324042,206,True,[]
n50_zero,50,1225,0,zero,3,29,204.458916,203,True,[]
n50_zero,50,1225,0,zero,3,30,206.643875,205,True,[]
n50_ten_percent,50,1225,123,ten_percent,1,1,230.046583,228,True,[]
n50_ten_percent,50,1225,123,ten_percent,1,2,245.58825,243,True,[]
n50_ten_percent,50,1225,123,ten_percent,1,3,234.02025,232,True,[]
n50_ten_percent,50,1225,123,ten_percent,1,4,237.021666,235,True,[]
n50_ten_percent,50,1225,123,ten_percent,1,5,232.518958,231,True,[]
n50_ten_percent,50,1225,123,ten_percent,1,6,229.972875,228,True,[]
n50_ten_percent,50,1225,123,ten_percent,1,7,229.970084,228,True,[]
n50_ten_percent,50,1225,123,ten_percent,1,8,227.54,226,True,[]
n50_ten_percent,50,1225,123,ten_percent,1,9,229.815459,228,True,[]
n50_ten_percent,50,1225,123,ten_percent,1,10,231.897834,230,True,[]
n50_ten_percent,50,1225,123,ten_percent,1,11,233.55075,232,True,[]
n50_ten_percent,50,1225,123,ten_percent,1,12,233.807,232,True,[]
n50_ten_percent,50,1225,123,ten_percent,1,13,231.968292,230,True,[]
n50_ten_percent,50,1225,123,ten_percent,1,14,239.886084,238,True,[]
n50_ten_percent,50,1225,123,ten_percent,1,15,231.8,230,True,[]
n50_ten_percent,50,1225,123,ten_percent,1,16,229.229042,227,True,[]
n50_ten_percent,50,1225,123,ten_percent,1,17,228.489791,227,True,[]
n50_ten_percent,50,1225,123,ten_percent,1,18,245.006875,243,True,[]
n50_ten_percent,50,1225,123,ten_percent,1,19,229.540375,228,True,[]
n50_ten_percent,50,1225,123,ten_percent,1,20,227.333875,225,True,[]
n50_ten_percent,50,1225,123,ten_percent,1,21,228.182917,226,True,[]
n50_ten_percent,50,1225,123,ten_percent,1,22,230.235625,228,True,[]
n50_ten_percent,50,1225,123,ten_percent,1,23,230.03475,228,True,[]
n50_ten_percent,50,1225,123,ten_percent,1,24,232.994584,231,True,[]
n50_ten_percent,50,1225,123,ten_percent,1,25,230.069084,228,True,[]
n50_ten_percent,50,1225,123,ten_percent,1,26,231.883875,230,True,[]
n50_ten_percent,50,1225,123,ten_percent,1,27,233.313792,231,True,[]
n50_ten_percent,50,1225,123,ten_percent,1,28,229.133208,227,True,[]
n50_ten_percent,50,1225,123,ten_percent,1,29,233.024208,231,True,[]
n50_ten_percent,50,1225,123,ten_percent,1,30,234.485542,232,True,[]
n50_ten_percent,50,1225,123,ten_percent,2,1,234.054875,232,True,[]
n50_ten_percent,50,1225,123,ten_percent,2,2,234.058917,232,True,[]
n50_ten_percent,50,1225,123,ten_percent,2,3,228.21425,226,True,[]
n50_ten_percent,50,1225,123,ten_percent,2,4,251.689916,250,True,[]
n50_ten_percent,50,1225,123,ten_percent,2,5,228.902416,227,True,[]
n50_ten_percent,50,1225,123,ten_percent,2,6,228.212625,227,True,[]
n50_ten_percent,50,1225,123,ten_percent,2,7,229.917583,228,True,[]
n50_ten_percent,50,1225,123,ten_percent,2,8,233.487334,231,True,[]
n50_ten_percent,50,1225,123,ten_percent,2,9,235.020125,233,True,[]
n50_ten_percent,50,1225,123,ten_percent,2,10,229.06825,227,True,[]
n50_ten_percent,50,1225,123,ten_percent,2,11,229.489583,227,True,[]
n50_ten_percent,50,1225,123,ten_percent,2,12,230.842166,229,True,[]
n50_ten_percent,50,1225,123,ten_percent,2,13,230.301375,228,True,[]
n50_ten_percent,50,1225,123,ten_percent,2,14,230.971625,229,True,[]
n50_ten_percent,50,1225,123,ten_percent,2,15,231.917084,230,True,[]
n50_ten_percent,50,1225,123,ten_percent,2,16,229.852083,228,True,[]
n50_ten_percent,50,1225,123,ten_percent,2,17,229.289833,227,True,[]
n50_ten_percent,50,1225,123,ten_percent,2,18,230.666375,229,True,[]
n50_ten_percent,50,1225,123,ten_percent,2,19,231.736625,230,True,[]
n50_ten_percent,50,1225,123,ten_percent,2,20,247.939834,246,True,[]
n50_ten_percent,50,1225,123,ten_percent,2,21,230.945333,229,True,[]
n50_ten_percent,50,1225,123,ten_percent,2,22,229.107416,227,True,[]
n50_ten_percent,50,1225,123,ten_percent,2,23,232.383333,230,True,[]
n50_ten_percent,50,1225,123,ten_percent,2,24,225.922208,224,True,[]
n50_ten_percent,50,1225,123,ten_percent,2,25,227.986458,226,True,[]
n50_ten_percent,50,1225,123,ten_percent,2,26,231.222583,229,True,[]
n50_ten_percent,50,1225,123,ten_percent,2,27,233.160792,231,True,[]
n50_ten_percent,50,1225,123,ten_percent,2,28,230.480958,229,True,[]
n50_ten_percent,50,1225,123,ten_percent,2,29,229.507083,228,True,[]
n50_ten_percent,50,1225,123,ten_percent,2,30,233.684833,232,True,[]
n50_ten_percent,50,1225,123,ten_percent,3,1,228.004917,226,True,[]
n50_ten_percent,50,1225,123,ten_percent,3,2,237.625875,235,True,[]
n50_ten_percent,50,1225,123,ten_percent,3,3,238.749833,237,True,[]
n50_ten_percent,50,1225,123,ten_percent,3,4,233.299709,231,True,[]
n50_ten_percent,50,1225,123,ten_percent,3,5,230.567792,229,True,[]
n50_ten_percent,50,1225,123,ten_percent,3,6,245.22025,243,True,[]
n50_ten_percent,50,1225,123,ten_percent,3,7,231.437584,229,True,[]
n50_ten_percent,50,1225,123,ten_percent,3,8,229.961542,228,True,[]
n50_ten_percent,50,1225,123,ten_percent,3,9,233.759333,232,True,[]
n50_ten_percent,50,1225,123,ten_percent,3,10,230.3335,229,True,[]
n50_ten_percent,50,1225,123,ten_percent,3,11,236.64875,234,True,[]
n50_ten_percent,50,1225,123,ten_percent,3,12,229.304458,228,True,[]
n50_ten_percent,50,1225,123,ten_percent,3,13,231.342875,229,True,[]
n50_ten_percent,50,1225,123,ten_percent,3,14,232.88675,231,True,[]
n50_ten_percent,50,1225,123,ten_percent,3,15,230.119625,228,True,[]
n50_ten_percent,50,1225,123,ten_percent,3,16,233.113083,231,True,[]
n50_ten_percent,50,1225,123,ten_percent,3,17,232.996875,231,True,[]
n50_ten_percent,50,1225,123,ten_percent,3,18,229.867292,228,True,[]
n50_ten_percent,50,1225,123,ten_percent,3,19,234.751042,233,True,[]
n50_ten_percent,50,1225,123,ten_percent,3,20,233.461584,231,True,[]
n50_ten_percent,50,1225,123,ten_percent,3,21,234.296541,233,True,[]
n50_ten_percent,50,1225,123,ten_percent,3,22,251.869083,250,True,[]
n50_ten_percent,50,1225,123,ten_percent,3,23,233.952375,232,True,[]
n50_ten_percent,50,1225,123,ten_percent,3,24,225.969333,224,True,[]
n50_ten_percent,50,1225,123,ten_percent,3,25,226.364667,225,True,[]
n50_ten_percent,50,1225,123,ten_percent,3,26,233.015833,231,True,[]
n50_ten_percent,50,1225,123,ten_percent,3,27,234.841208,233,True,[]
n50_ten_percent,50,1225,123,ten_percent,3,28,234.92,233,True,[]
n50_ten_percent,50,1225,123,ten_percent,3,29,233.605958,232,True,[]
n50_ten_percent,50,1225,123,ten_percent,3,30,234.186709,232,True,[]
